{"cameraMode":{"drawMode":0,"name":"Shaded","section":"Shading Mode"},"sceneLighting":true,"audioPlay":false,"sceneViewState":{"showFog":true,"showMaterialUpdate":false,"showSkybox":true,"showFlares":true,"showImageEffects":true,"showParticleSystems":true},"in2DMode":false,"pivot":{"x":841.912109375,"y":-309.9258728027344,"z":312.248291015625},"rotation":{"x":0.15349999070167542,"y":0.5083111524581909,"z":-0.08437658846378327,"w":0.844101071357727},"size":1046.1837158203125,"orthographic":false}