{"cameraMode":{"drawMode":0,"name":"Shaded","section":"Shading Mode"},"sceneLighting":true,"audioPlay":false,"sceneViewState":{"showFog":true,"showMaterialUpdate":false,"showSkybox":true,"showFlares":true,"showImageEffects":true,"showParticleSystems":true},"in2DMode":false,"pivot":{"x":69.02155303955078,"y":34.80543518066406,"z":-94.6771469116211},"rotation":{"x":-0.015655966475605966,"y":0.9173173904418945,"z":-0.3970470130443573,"w":-0.045793164521455768},"size":44.49215316772461,"orthographic":false}