{"cameraMode":{"drawMode":0,"name":"Shaded","section":"Shading Mode"},"sceneLighting":true,"audioPlay":false,"sceneViewState":{"showFog":true,"showMaterialUpdate":false,"showSkybox":true,"showFlares":true,"showImageEffects":true,"showParticleSystems":true},"in2DMode":false,"pivot":{"x":18.389387130737306,"y":12.157876968383789,"z":-21.639949798583986},"rotation":{"x":0.19967199862003327,"y":-0.6079896688461304,"z":0.1616566926240921,"w":0.7512875199317932},"size":101.10932159423828,"orthographic":false}