{"cameraMode":{"drawMode":0,"name":"Shaded","section":"Shading Mode"},"sceneLighting":true,"audioPlay":false,"sceneViewState":{"showFog":true,"showMaterialUpdate":false,"showSkybox":true,"showFlares":true,"showImageEffects":true,"showParticleSystems":true},"in2DMode":false,"pivot":{"x":-403.21588134765627,"y":48.77227783203125,"z":-109.23049926757813},"rotation":{"x":0.4989529252052307,"y":0.5050928592681885,"z":-0.5010374188423157,"w":0.4960440993309021},"size":424.05535888671877,"orthographic":false}