{"cameraMode":{"drawMode":0,"name":"Shaded","section":"Shading Mode"},"sceneLighting":true,"audioPlay":false,"sceneViewState":{"showFog":true,"showMaterialUpdate":false,"showSkybox":true,"showFlares":true,"showImageEffects":true,"showParticleSystems":true},"in2DMode":false,"pivot":{"x":-18.88414764404297,"y":-30.569927215576173,"z":11.708478927612305},"rotation":{"x":0.33112844824790957,"y":-0.6428990364074707,"z":0.36101406812667849,"w":0.5892317295074463},"size":82.66173553466797,"orthographic":false}