{"cameraMode":{"drawMode":0,"name":"Shaded","section":"Shading Mode"},"sceneLighting":true,"audioPlay":false,"sceneViewState":{"showFog":true,"showMaterialUpdate":false,"showSkybox":true,"showFlares":true,"showImageEffects":true,"showParticleSystems":true},"in2DMode":false,"pivot":{"x":-11.454338073730469,"y":-4.8107218742370609,"z":3.0407938957214357},"rotation":{"x":0.22346626222133637,"y":-0.5066899061203003,"z":0.13812850415706635,"w":0.8212116360664368},"size":31.356266021728517,"orthographic":false}