{"cameraMode":{"drawMode":0,"name":"Shaded","section":"Shading Mode"},"sceneLighting":false,"audioPlay":false,"sceneViewState":{"showFog":true,"showMaterialUpdate":false,"showSkybox":false,"showFlares":true,"showImageEffects":true,"showParticleSystems":true},"in2DMode":false,"pivot":{"x":9.360000610351563,"y":1.0,"z":3.140000343322754},"rotation":{"x":0.07162784785032273,"y":-0.8789892196655273,"z":0.13989056646823884,"w":0.45028918981552126},"size":45.726139068603519,"orthographic":false}