{"cameraMode":{"drawMode":0,"name":"Shaded","section":"Shading Mode"},"sceneLighting":true,"audioPlay":false,"sceneViewState":{"showFog":true,"showMaterialUpdate":false,"showSkybox":true,"showFlares":true,"showImageEffects":true,"showParticleSystems":true},"in2DMode":false,"pivot":{"x":0.2584601044654846,"y":0.06842251867055893,"z":-0.26358509063720705},"rotation":{"x":0.26525187492370608,"y":0.17867305874824525,"z":-0.05004257336258888,"w":0.9462006688117981},"size":29.185941696166993,"orthographic":false}